page	centroid_x	centroid_y	source	ocr_confidence	text
1	0.544354	0.864431	native_pdf	1.000	1
1	0.544181	0.865139	native_pdf	1.000	CU
1	0.543953	0.866077	native_pdf	1.000	YD
1	0.531427	0.863292	native_pdf	1.000	1
1	0.531255	0.864000	native_pdf	1.000	CU
1	0.531027	0.864938	native_pdf	1.000	YD
1	0.031014	0.510372	native_pdf	1.000	UP
1	0.052192	0.600460	native_pdf	1.000	FEC
1	0.054037	0.529266	native_pdf	1.000	FEC
1	0.603983	1.049037	native_pdf	1.000	BPS
1	0.603983	1.099681	native_pdf	1.000	PERMITTING
1	0.603983	1.142560	native_pdf	1.000	&
1	0.603983	1.171212	native_pdf	1.000	UTILITY
1	0.603983	1.216035	native_pdf	1.000	NOTES
1	0.179938	1.278591	native_pdf	1.000	KEYPLAN
1	0.116794	1.276284	native_pdf	1.000	PROJECT
1	0.116794	1.291996	native_pdf	1.000	NORTH
1	0.507240	1.277143	native_pdf	1.000	OSHPD
1	0.507240	1.293357	native_pdf	1.000	FACILITY#
1	0.502845	1.277143	native_pdf	1.000	OSHPD
1	0.502845	1.285499	native_pdf	1.000	#
1	0.238469	1.283760	native_pdf	1.000	UCSF
1	0.238469	1.302721	native_pdf	1.000	PROJECT
1	0.238469	1.326191	native_pdf	1.000	NUMBER:
1	0.232408	1.281384	native_pdf	1.000	747
1	0.232408	1.292793	native_pdf	1.000	52ND
1	0.232408	1.310299	native_pdf	1.000	STREET,
1	0.227636	1.289458	native_pdf	1.000	OAKLAND,
1	0.227636	1.306170	native_pdf	1.000	CA
1	0.227636	1.317448	native_pdf	1.000	94609
1	0.353579	1.344958	native_pdf	1.000	REV
1	0.254262	1.293493	native_pdf	1.000	UTILITY
1	0.254262	1.342000	native_pdf	1.000	MAKE-READY
1	0.238410	1.350827	native_pdf	1.000	9951303
1	0.507240	1.310949	native_pdf	1.000	11242
1	0.502845	1.301284	native_pdf	1.000	S250254-01-00
1	0.627667	1.275488	native_pdf	1.000	DCFM
1	0.627667	1.291800	native_pdf	1.000	APPROVAL:
1	0.567002	1.279783	native_pdf	1.000	BO/OSHPD
1	0.567002	1.300375	native_pdf	1.000	APPROVAL:
1	0.475623	1.284920	native_pdf	1.000	ARCHTIECT,
1	0.475623	1.307497	native_pdf	1.000	LANDSCAPE
1	0.475623	1.329576	native_pdf	1.000	ARCHITECT
1	0.471962	1.277028	native_pdf	1.000	301
1	0.471962	1.289265	native_pdf	1.000	BATTERY
1	0.471962	1.305577	native_pdf	1.000	STREET
1	0.468301	1.277520	native_pdf	1.000	4TH
1	0.468301	1.288561	native_pdf	1.000	FLOOR,
1	0.468301	1.299900	native_pdf	1.000	SAN
1	0.468301	1.315614	native_pdf	1.000	FRANCISCO,
1	0.468301	1.330134	native_pdf	1.000	CA
1	0.468301	1.338593	native_pdf	1.000	94111
1	0.464651	1.285088	native_pdf	1.000	415.227.0100
1	0.460990	1.286802	native_pdf	1.000	smithgroup.com
1	0.416327	1.275160	native_pdf	1.000	SEALS
1	0.416327	1.285705	native_pdf	1.000	AND
1	0.416327	1.300922	native_pdf	1.000	SIGNATURE
1	0.445861	1.278491	native_pdf	1.000	CIVIL
1	0.445861	1.293312	native_pdf	1.000	ENGINEER
1	0.442200	1.277042	native_pdf	1.000	636
1	0.442200	1.284404	native_pdf	1.000	9TH
1	0.442200	1.295842	native_pdf	1.000	STREET
1	0.438540	1.283052	native_pdf	1.000	OAKLAND,
1	0.438540	1.295586	native_pdf	1.000	CA
1	0.438540	1.304044	native_pdf	1.000	94607
1	0.434889	1.284991	native_pdf	1.000	510.873.8866
1	0.431228	1.286714	native_pdf	1.000	www.sandis.net
1	0.043401	1.278937	native_pdf	1.000	PROJECT
1	0.043401	1.296041	native_pdf	1.000	NUMBER
1	0.043787	1.374855	native_pdf	1.000	12018
1	0.276079	1.274235	native_pdf	1.000	BPS
1	0.276079	1.288857	native_pdf	1.000	SUBMITTAL
1	0.276079	1.364199	native_pdf	1.000	05MAR2025
1	0.280415	1.274235	native_pdf	1.000	BPS
1	0.280415	1.291344	native_pdf	1.000	RESUBMITTAL
1	0.280415	1.305866	native_pdf	1.000	1
1	0.280415	1.342375	native_pdf	1.000	A
1	0.280415	1.364143	native_pdf	1.000	29MAY2025
1	0.023995	1.276055	native_pdf	1.000	Utility
1	0.023995	1.286925	native_pdf	1.000	MR
1	0.023995	1.296739	native_pdf	1.000	BPS
1	0.284750	1.274235	native_pdf	1.000	BPS
1	0.284750	1.285177	native_pdf	1.000	ACD-01
1	0.284788	1.347304	native_pdf	1.000	ACD-01
1	0.284750	1.363745	native_pdf	1.000	27FEB2026
1	0.289075	1.274235	native_pdf	1.000	BPS
1	0.289075	1.285177	native_pdf	1.000	ACD-01
1	0.289075	1.297412	native_pdf	1.000	BKCK
1	0.289075	1.304277	native_pdf	1.000	1
1	0.293448	1.347304	native_pdf	1.000	ACD-01
1	0.289075	1.363963	native_pdf	1.000	17MAR2026
1	0.289113	1.345647	native_pdf	1.000	BKCK
1	0.289113	1.352252	native_pdf	1.000	1
1	0.019105	1.276662	native_pdf	1.000	SHEET
1	0.019105	1.291381	native_pdf	1.000	NUMBER
1	0.093887	1.276398	native_pdf	1.000	SHEET
1	0.093887	1.288236	native_pdf	1.000	TITLE
1	0.353678	1.277178	native_pdf	1.000	ISSUED
1	0.353678	1.288616	native_pdf	1.000	FOR
1	0.353678	1.358579	native_pdf	1.000	DATE
1	0.020100	0.040546	native_pdf	1.000	Plot
1	0.028060	0.040546	native_pdf	1.000	Date:
1	0.054195	0.040726	native_pdf	1.000	2/8/2024
1	0.068415	0.040726	native_pdf	1.000	10:48:13
1	0.078555	0.040726	native_pdf	1.000	AM
1	0.105786	0.040546	native_pdf	1.000	START
1	0.116777	0.040546	native_pdf	1.000	Sheet
1	0.692534	1.060269	native_pdf	1.000	LEGEND
1	0.086503	1.298601	native_pdf	1.000	OVERALL
1	0.086503	1.335741	native_pdf	1.000	UTILITY
1	0.086503	1.364523	native_pdf	1.000	PLAN
1	0.027640	1.353127	native_pdf	1.000	U2.C4.00
1	0.019035	0.962997	native_pdf	1.000	0'
1	0.014486	0.962534	native_pdf	1.000	1
1	0.014486	0.968212	native_pdf	1.000	INCH
1	0.014486	0.974099	native_pdf	1.000	=
1	0.019035	1.029661	native_pdf	1.000	40'
1	0.019035	0.996325	native_pdf	1.000	20'
1	0.019035	0.979654	native_pdf	1.000	10'
1	0.019035	0.969656	native_pdf	1.000	4'
1	0.014486	0.978386	native_pdf	1.000	20
1	0.014486	0.983329	native_pdf	1.000	FT
1	0.522465	0.317928	native_pdf	1.000	SEWER
1	0.522465	0.357894	native_pdf	1.000	TANK
1	0.522465	0.402388	native_pdf	1.000	SECTION
1	0.522465	0.441062	native_pdf	1.000	A-A
1	0.469905	1.057352	native_pdf	1.000	STORM
1	0.469905	1.099577	native_pdf	1.000	DRAIN
1	0.469905	1.140835	native_pdf	1.000	NOTES
1	0.610820	1.283936	native_pdf	1.000	April
1	0.610820	1.293070	native_pdf	1.000	09,
1	0.610820	1.302723	native_pdf	1.000	2026
1	0.621080	1.287529	native_pdf	1.000	OFFICE
1	0.621080	1.299220	native_pdf	1.000	OF
1	0.621080	1.307439	native_pdf	1.000	THE
1	0.621080	1.319479	native_pdf	1.000	STATE
1	0.621080	1.332097	native_pdf	1.000	FIRE
1	0.621080	1.348072	native_pdf	1.000	MARSHAL
1	0.617657	1.295516	native_pdf	1.000	APPROVED
1	0.617657	1.312997	native_pdf	1.000	FIRE
1	0.617657	1.323299	native_pdf	1.000	AND
1	0.617657	1.335222	native_pdf	1.000	PANIC
1	0.617657	1.348420	native_pdf	1.000	ONLY
1	0.610812	1.273687	native_pdf	1.000	Date:
1	0.607390	1.275771	native_pdf	1.000	Project:
1	0.600544	1.280564	native_pdf	1.000	Approval
1	0.600544	1.291681	native_pdf	1.000	of
1	0.600544	1.297818	native_pdf	1.000	this
1	0.600544	1.306156	native_pdf	1.000	plan
1	0.600544	1.315768	native_pdf	1.000	does
1	0.600544	1.324339	native_pdf	1.000	not
1	0.600544	1.336962	native_pdf	1.000	authorize
1	0.600544	1.348541	native_pdf	1.000	or
1	0.600544	1.359079	native_pdf	1.000	approve
1	0.597122	1.273277	native_pdf	1.000	any
1	0.597122	1.286012	native_pdf	1.000	omission
1	0.597122	1.297241	native_pdf	1.000	or
1	0.597122	1.308589	native_pdf	1.000	deviation
1	0.597122	1.322252	native_pdf	1.000	from
1	0.597122	1.336956	native_pdf	1.000	applicable
1	0.597122	1.358262	native_pdf	1.000	regulations.
1	0.593699	1.274197	native_pdf	1.000	Final
1	0.593699	1.287860	native_pdf	1.000	approval
1	0.593699	1.298512	native_pdf	1.000	is
1	0.593699	1.307774	native_pdf	1.000	subject
1	0.593699	1.317270	native_pdf	1.000	to
1	0.593699	1.323987	native_pdf	1.000	field
1	0.593699	1.338924	native_pdf	1.000	inspection.
1	0.593699	1.353979	native_pdf	1.000	One
1	0.593699	1.361854	native_pdf	1.000	set
1	0.593699	1.367529	native_pdf	1.000	of
1	0.590277	1.278018	native_pdf	1.000	approved
1	0.590277	1.292841	native_pdf	1.000	plans
1	0.590277	1.303262	native_pdf	1.000	shall
1	0.590277	1.311020	native_pdf	1.000	be
1	0.590277	1.322716	native_pdf	1.000	available
1	0.590277	1.334412	native_pdf	1.000	on
1	0.590277	1.340783	native_pdf	1.000	the
1	0.590277	1.351089	native_pdf	1.000	project
1	0.590277	1.361741	native_pdf	1.000	site
1	0.590277	1.367879	native_pdf	1.000	at
1	0.586854	1.313339	native_pdf	1.000	all
1	0.586854	1.322137	native_pdf	1.000	times.
1	0.579880	1.314859	native_pdf	1.000	Signature__________________________________
1	0.576201	1.278822	native_pdf	1.000	Designated
1	0.576201	1.291790	native_pdf	1.000	Campus
1	0.576201	1.300125	native_pdf	1.000	Fire
1	0.576201	1.308227	native_pdf	1.000	Marshal
1	0.607282	1.293711	native_pdf	1.000	612034.F
1	0.607282	1.310438	native_pdf	1.000	Make
1	0.607282	1.338225	native_pdf	1.000	Ready-BPS_ACD01
1	0.603479	1.292808	native_pdf	1.000	BKCK01
1	0.039115	1.187830	native_pdf	1.000	Building
1	0.039115	1.199054	native_pdf	1.000	Permit
1	0.039115	1.210444	native_pdf	1.000	Services
1	0.036466	1.186955	native_pdf	1.000	Reviewed
1	0.036466	1.193723	native_pdf	1.000	for
1	0.036466	1.201783	native_pdf	1.000	Compliance:
1	0.024222	1.185883	native_pdf	1.000	Reviewer
1	0.024222	1.193005	native_pdf	1.000	Name:
1	0.020214	1.185947	native_pdf	1.000	Reviewer
1	0.020214	1.194568	native_pdf	1.000	Signature:
1	0.032509	1.190063	native_pdf	1.000	Accessibility
1	0.030454	1.188309	native_pdf	1.000	Building
1	0.032591	1.213389	native_pdf	1.000	Structural
1	0.030388	1.214112	native_pdf	1.000	Mechanical
1	0.032570	1.237621	native_pdf	1.000	Electrical
1	0.030380	1.237725	native_pdf	1.000	Plumbing
1	0.020207	1.240919	native_pdf	1.000	4/13/2026
1	0.028119	1.195861	native_pdf	1.000	Civil
1	0.024559	1.200834	native_pdf	1.000	Moe
1	0.024559	1.206883	native_pdf	1.000	Heivand,
1	0.024559	1.214809	native_pdf	1.000	Rebecca
1	0.024559	1.223933	native_pdf	1.000	Wisniewski,
1	0.024559	1.232170	native_pdf	1.000	Orland
1	0.024559	1.238375	native_pdf	1.000	Obtera
1	0.020214	1.231487	native_pdf	1.000	Date:
1	0.028319	1.187793	native_pdf	1.000	Others
1	0.028640	1.183230	native_pdf	1.000	X
1	0.032839	1.232143	native_pdf	1.000	X
1	0.020775	1.211988	native_pdf	1.000	Moe
1	0.020775	1.218999	native_pdf	1.000	Heivand
1	0.551115	1.310962	native_pdf	1.000	Building
1	0.551115	1.329196	native_pdf	1.000	Permit
1	0.551115	1.348152	native_pdf	1.000	Services
1	0.547164	1.310704	native_pdf	1.000	*Reviewed
1	0.547164	1.323723	native_pdf	1.000	for
1	0.547164	1.331958	native_pdf	1.000	Code
1	0.547164	1.349206	native_pdf	1.000	Compliance*
1	0.526807	1.291639	native_pdf	1.000	Reviewer(s):
1	0.518301	1.287222	native_pdf	1.000	Building
1	0.518301	1.296930	native_pdf	1.000	Official
1	0.518301	1.303025	native_pdf	1.000	or
1	0.518301	1.310702	native_pdf	1.000	Designee
1	0.521986	1.374146	native_pdf	1.000	4/15/26
1	0.527387	1.309957	native_pdf	1.000	Bureau
1	0.527387	1.320909	native_pdf	1.000	Veritas
1	0.521610	1.364099	native_pdf	1.000	Date:
1	0.558311	1.318066	native_pdf	1.000	UCSF
1	0.521126	1.287503	native_pdf	1.000	Name:
1	0.521151	1.299201	native_pdf	1.000	Afsaneh
1	0.521151	1.311301	native_pdf	1.000	Ahmadi
1	0.521310	1.326933	native_pdf	1.000	Signature:
1	0.542080	1.296000	native_pdf	1.000	Approval
1	0.542080	1.305387	native_pdf	1.000	of
1	0.542080	1.310570	native_pdf	1.000	this
1	0.542080	1.317611	native_pdf	1.000	plan
1	0.542080	1.325728	native_pdf	1.000	does
1	0.542080	1.332965	native_pdf	1.000	not
1	0.542080	1.343625	native_pdf	1.000	authorize
1	0.542080	1.353403	native_pdf	1.000	or
1	0.542080	1.362691	native_pdf	1.000	approval
1	0.542080	1.373252	native_pdf	1.000	any
1	0.539095	1.295716	native_pdf	1.000	omission
1	0.539095	1.305261	native_pdf	1.000	or
1	0.539095	1.314907	native_pdf	1.000	deviation
1	0.539095	1.326520	native_pdf	1.000	from
1	0.539095	1.339018	native_pdf	1.000	applicable
1	0.539095	1.357129	native_pdf	1.000	regulations.
1	0.539095	1.371104	native_pdf	1.000	Final
1	0.532587	1.293006	native_pdf	1.000	plans
1	0.532587	1.301864	native_pdf	1.000	shall
1	0.532587	1.308458	native_pdf	1.000	be
1	0.532587	1.318400	native_pdf	1.000	available
1	0.532587	1.328341	native_pdf	1.000	on
1	0.532587	1.333757	native_pdf	1.000	the
1	0.532587	1.342517	native_pdf	1.000	project
1	0.532587	1.351571	native_pdf	1.000	site
1	0.532587	1.356788	native_pdf	1.000	at
1	0.532587	1.361020	native_pdf	1.000	all
1	0.532587	1.368499	native_pdf	1.000	times.
1	0.535821	1.292642	native_pdf	1.000	approval
1	0.535821	1.301755	native_pdf	1.000	is
1	0.535821	1.309680	native_pdf	1.000	subject
1	0.535821	1.317804	native_pdf	1.000	to
1	0.535821	1.323551	native_pdf	1.000	field
1	0.535821	1.336330	native_pdf	1.000	inspection.
1	0.535821	1.350201	native_pdf	1.000	One
1	0.535821	1.356939	native_pdf	1.000	set
1	0.535821	1.361794	native_pdf	1.000	of
1	0.535821	1.371702	native_pdf	1.000	approved
